{
    "title": "CliffordPickover3D_b",
    "formula": "CliffordPickover3D",
    "a": -0.759,
    "b": 2.449,
    "c": 1.253,
    "d": 1.5,
    "e": 1.0,

    "start": {"x": 0, "y": 0, "z": 0 },
    "center": {"x": 0.15628009, "y": -0.46701527, "z": 0.14410631 },
    "size": {"x": 0.7749444, "y": 1.145319, "z": 0.7464888 },
    "velocity": {"min": 0.24522085, "max": 1.1667478 },
    "acceleration": {"min": 0.31537697, "max": 2.27397 }
}
