{
    "title": "PeterDeJong3D_a",
    "formula": "PeterDeJong3D",
    "a": -0.39,
    "b": -1.48,
    "c": -1.62,
    "d": 1.31,
    "e": -0.47,
    "f": 2.11,

    "start": {"x": 0.1, "y": 0.2, "z": 0.3 },
    "center": {"x": -0.3268336, "y": -0.19704068, "z": 0.0014611483 },
    "size": {"x": 2.5035686, "y": 3.6058862, "z": 2.8334613 },
    "velocity": {"min": 0.19011271, "max": 3.594677 },
    "acceleration": {"min": 0.40694275, "max": 6.4150925 }
}
