{
    "title": "PeterDeJong3D_b",
    "formula": "PeterDeJong3D",
    "a": -1.031,
    "b": -1.48,
    "c": -1.62,
    "d": 1.31,
    "e": -0.47,
    "f": 2.11,

    "start": {"x": 0.1, "y": 0.2, "z": 0.3 },
    "center": {"x": -0.056447506, "y": -0.13168132, "z": -0.08915222 },
    "size": {"x": 3.8870783, "y": 3.7365677, "z": 3.3704703 },
    "velocity": {"min": 0.1431704, "max": 4.214211 },
    "acceleration": {"min": 0.26986143, "max": 7.319202 }
}
