{
    "title": "PoissonSaturne",
    "formula": "Polynomial30",
    "X": [0.021, 1.182, -1.183, 0.128, -1.12, -0.641, -1.152, -0.834, -0.97, 0.722],
    "Y": [0.243038, -0.825, -1.2, -0.835443, -0.835443, -0.364557, 0.458, 0.622785, -0.394937, -1.032911],
    "Z": [-0.455696, 0.673, 0.915, -0.258228, -0.495, -0.264, -0.432, -0.416, -0.877, -0.3],

    "start": {"x": 0, "y": 0, "z": 0 },
    "center": {"x": 0.3295775, "y": -0.08623065, "z": -0.041275896},
    "size": {"x": 0.4549404, "y": 0.72278905, "z": 0.46964264},
    "velocity": {"min": 0.11942243, "max": 0.9580224},
    "acceleration": {"min": 0.1779313, "max": 1.64469}
}
