{
    "title": "",
    "formula": "Polynomial6",
    "a": -0.237, "b": 0.453, "c": 0.486, "d": 0.616, "e": 1.141, "f": 0.483,

    "start": {"x": 0, "y": 0, "z": 0 },
    "center": {"x": 0.118553996, "y": 1.0697616, "z": 0.5723078 },
    "size": {"x": 2.5123355, "y": 3.4515717, "z": 1.7114508 },
    "velocity": {"min": 0.41406426, "max": 3.4871595 },
    "acceleration": {"min": 0.18088467, "max": 5.0917993 }
}
