{
    "title": "",
    "formula": "Polynomial18",
    "X": [-0.653165, -0.972152, -0.713924, -0.481, 0.516456, -0.592405],
    "Y": [-0.268, 0.827, 0.379747, -0.943, -0.072, 1.2],
    "Z": [-0.47, 0.041, 0.0, 0.914, -0.531646, 0.364557],

    "start": {"x": 0, "y": 0, "z": 0 },
    "center": {"x": -0.8001462, "y": -0.30618927, "z": 0.10351558 },
    "size": {"x": 0.95303464, "y": 0.62945956, "z": 0.911304 },
    "velocity": {"min": 0.20276476, "max": 0.9181901 },
    "acceleration": {"min": 0.21939082, "max": 1.6523912 }
}
