{
    "formula": "Polynomial30",
    "X": [ 0.862, -1.147, 0.01, 0.241, -0.85, -0.174, 1.193, -0.572, 0.772, 0.147 ],
    "Y": [ -0.049, 0.427, -0.103, -0.402, 1.13, 0.859, -0.642, -0.649, -1.074, -0.636 ],
    "Z": [ -0.706, 0.315, -0.125, 1.193, 0.533, -0.091, 0.778, -1.199, -0.112, 0.025 ],
    "start": { "x": 0, "y": 0, "z": 0 },
    "center": { "x": 0.42360455, "y": 0.33117408, "z": -0.14011084 },
    "size": { "x": 0.61618376, "y": 0.5364309, "z": 0.8426447 },
    "velocity": { "min": 0.011874684, "max": 0.64888686 },
    "acceleration": {"min":0.023696844, "max": 1.1677873 }
}
