{
    "formula": "Polynomial21",
    "X": [0.607407407, 1.159, 0.281481481, -0.191, -0.348, -0.176, -0.702],
    "Y": [-0.693, -0.521, 0.399, -0.968, 0.958, 0.305, -0.43],
    "Z": [0.133, 0.416, 1.144, -0.651851852, -0.844444444, 0.754, -0.414814815],
    "start": {"x": 0, "y": 0, "z": 0},
    "center": {"x": 1.7886877,"y": 0.07904172,"z": -0.042892694},
    "size": {"x": 1.6938367, "y": 1.8191957, "z": 2.001626},
    "velocity": {"min": 0.22188263, "max": 1.8345888},
    "acceleration": {"min": 0.23842871, "max": 2.860266}
}
