{
    "title": "",
    "formula": "Polynomial3",
    "a": 1.586,
    "b": 1.124,
    "c": 0.281,

    "start": {"x": 0, "y": 0, "z": 0 },
    "center": {"x": 1.2328305, "y": 0.47622287, "z": 0.90645325 },
    "size": {"x": 2.583332, "y": 1.7076142, "z": 2.6610572 },
    "velocity": {"min": 0.26281235, "max": 3.143485 },
    "acceleration": {"min": 0.60010165, "max": 5.5160418 }
}
