{
    "formula": "Polynomial24",
    "X": [0.651851851851852, 0.82962962962963, -0.725925925925926, -0.844444444444444, -0.646, 0.236, 0.559, 0.098],
    "Y": [0.148148148148148, 0.172, -0.37037037037037, 1.047, 0.427, -0.296296296296296, 1.092, -0.311111111111111],
    "Z": [-0.711111111111111, -0.742, -0.651851851851852, -0.91, -0.42962962962963, -1.11111111111111, 0.0444444444444444, 0.906],
    "start": {"x": 1, "y": 1, "z": 1},
    "center": {"x": 11.227748, "y": -1.7180252, "z": -7.450968},
    "size": {"x": 7.7876983, "y": 8.411234, "z": 6.934979},
    "velocity": {"min": 1.4435787, "max": 9.120736},
    "acceleration": {"min": 2.4209533, "max": 16.259678}
}
