{
    "title": "SolarSail",
    "formula": "Polynomial30",
    "X": [0.744304, -0.546835, 0.121519, -0.653165, 0.399, 0.379, 0.44, 1.014, -0.805063, 0.377],
    "Y": [-0.683, 0.531646, -0.04557, -1.2, -0.546835, 0.091139, 0.744304, -0.273418, -0.349367, -0.531646],
    "Z": [0.712, 0.744304, -0.577215, 0.966, 0.04557, 1.063291, 0.01519, -0.425316, 0.212658, -0.01519],

    "start": {"x": 0, "y": 0, "z": 0 },
    "center": {"x": 0.28186548, "y": -0.3421066, "z": 0.4735889 },
    "size": {"x": 0.81252223, "y": 0.8710588, "z": 0.9414668 },
    "velocity": {"min": 0.012535486, "max": 1.2682571 },
    "acceleration": {"min": 0.015339427, "max": 2.2831798 }
}
